SEARCH; {"name":"Bared to You (Crossfire, #1)"}
SEARCH; {"name":"The Lies of Locke Lamora (Gentleman Bastard, #1)"}
SEARCH; {"name":"QED: The Strange Theory of Light and Matter"}
SEARCH; {"name":"The Survivors Club"}
SEARCH; {"name":"Burned (Burned, #1)"}
SEARCH; {"name":"Willow"}
SEARCH; {"name":"Fallen Hearts (Casteel, #3)"}
SEARCH; {"name":"The Machine Crusade (Legends of Dune, #2)"}
SEARCH; {"name":"84, Charing Cross Road"}
SEARCH; {"name":"The Cross of Lead (Crispin, #1)"}
SEARCH; {"name":"Dark Places"}
SEARCH; {"name":"America (The Book): A Citizen's Guide to Democracy Inaction"}
SEARCH; {"name":"Timequake"}
SEARCH; {"name":"Stolen Lives: Twenty Years in a Desert Jail"}
SEARCH; {"name":"April 1865: The Month That Saved America"}
SEARCH; {"name":"Stella Bain"}
SEARCH; {"name":"A Feast for Crows (A Song of Ice and Fire, #4)"}
SEARCH; {"name":"Alexander and the Terrible, Horrible, No Good, Very Bad Day"}
SEARCH; {"name":"Walk Two Moons"}
